id_geonames	lat	lon	region	name_modern	name_historical
3435910	-34.6132	-58.3772	america		Buenos Aires
3441575	-34.9033	-56.1882	america		Montevideo
3448439	-23.5475	-46.6361	america	São Paulo	Sao Paulo
3448622	-29.7603	-51.1472	america	São Leopoldo	Sao Leopoldo
3449433	-23.9608	-46.3336	america		Santos
3449741	-29.1917	-54.8672	america	Santiago (Rio Grande do Sul)	Santiago
3452925	-30.0328	-51.2302	america		Porto Alegre
3454031	-22.505	-43.1786	america	Petrópolis	Petrópolis
3454244	-31.76997	-52.3410	america		Pelotas
3459712	-26.3044	-48.8456	america		Joinville
3464975	-25.4278	-49.2731	america	Curitiba	Curitiba
3469968	-26.9194	-49.0661	america		Blumenau
3515302	19.2879	-99.6532	america		Toluca
3530597	19.4285	-99.1277	america	Ciudad de México	Mexiko-Stadt, Mexiko City
3553478	23.1330	-82.3830	america	Villa de San Cristóbal de la Habana	Havanna
3838583	-32.9468	-60.6393	america		Rosario de Santa Fe
3868626	-33.036	-71.6296	america	Valparaíso	Valparaiso
3870011	-38.7397	-72.5984	america		Temuco
3871336	-33.4569	-70.6483	america	Santiago	Santiago de Chile
3936456	-12.0432	-77.0282	america		Lima
4005539	20.6668	-103.3918	america		Guadalajara
4076784	32.3668	-86.29997	america		Montgomery
4119403	34.7465	-92.2896	america		Little Rock
4140963	38.8951	-77.0364	america		Washington
4145381	39.74595	-75.54659	america		Wilmington
4171563	27.7709	-82.6793	america	Petersburg (?)	Saint Petersburg
4180439	33.749	-84.38798	america		Atlanta
4232679	38.8906	-90.1843	america		Alton
4233813	38.5201	-89.98399	america		Belleville
4242657	38.7126	-89.9529	america		Lake View/Chicago
4247703	39.9356	-91.4099	america		Quincy
4250542	39.8017	-89.6437	america		Springfield
4259418	39.7684	-86.1580	america		Indianapolis
4265737	39.4667	-87.4139	america		Terre Haute
4280539	39.0483	-95.6780	america		Topeka
4292188	38.2009	-84.8733	america		Frankfort
4299276	38.2542	-85.7594	america		Louisville
4335045	29.9547	-90.0751	america		New Orleans
4347778	39.2904	-76.6122	america		Baltimore
4352618	39.0284	-76.6014	america		Crownsville
4393217	39.0997	-94.5786	america		Kansas City
4407010	39.7686	-94.8466	america	St. Joseph	Saint Joseph
4407066	38.6273	-90.1979	america		Saint Louis
4508722	39.1271	-84.5144	america		Cincinnati
4509177	39.9612	-82.9988	america		Columbus
4509884	39.75895	-84.1916	america		Dayton
4513575	39.3995	-84.5613	america		Hamilton
4525353	39.9242	-83.8088	america		Springfield
4560349	39.9524	-75.1636	america		Philadelphia
4641239	35.1495	-90.04898	america		Memphis
4644585	36.16589	-86.7844	america		Nashville
4671654	30.2672	-97.7431	america		Austin
4684888	32.7831	-96.8067	america		Dallas
4692883	29.3014	-94.7977	america		Galveston
4699066	29.7633	-95.3633	america		Houston
4714131	29.703	-98.1245	america		New Braunfels
4726206	29.4241	-98.4936	america		San Antonio
4776222	36.8468	-76.2852	america		Norfolk
4781708	37.5538	-77.4603	america		Richmond
4835797	41.7637	-72.6851	america		Hartford
4839366	41.3082	-72.9282	america		New Haven
4845193	41.5582	-73.0515	america		Waterbury
4849826	40.8075	-91.1129	america		Burlington
4853423	41.5236	-90.5776	america		Davenport
4853828	41.6005	-93.6091	america		Des Moines
4854529	42.5006	-90.6646	america		Dubuque
4857790	43.3022	-91.7435	america		Freeport
4862034	41.6611	-91.5302	america		Iowa City
4876523	42.49999	-96.4003	america		Sioux City
4885164	40.4842	-88.9937	america		Bloomington
4887398	41.8500	-87.6501	america		Chicago
4893171	42.2967	-89.6212	america		Freeport
4905687	40.6937	-89.58899	america		Peoria
4920423	41.1306	-85.1287	america		Fort Wayne
4922462	40.4167	-86.8753	america		Lafayette
4925791	41.3153	-84.9014	america		Saint Joe
4930956	42.3584	-71.0598	america		Boston
4939783	42.2043	-72.6162	america		Holyoke
4942618	42.6334	-71.3162	america		Lowell
4954611	42.3709	-71.1828	america		Watertown
4956184	42.2626	-71.8023	america		Worcester
4975802	43.6574	-70.2589	america		Portland
4979573	45.3962	-68.1356	america		Springfield
4990729	42.3314	-83.0458	america		Detroit
4992982	43.0125	-83.6875	america		Flint
4994358	42.9634	-85.6681	america		Grand Rapids
5007989	43.4195	-83.9508	america	Saginaw (?)	Saginow
5024719	46.7833	-92.1066	america		Duluth
5037649	44.97997	-93.2638	america		Minneapolis
5045360	44.9444	-93.0933	america		Saint Paul
5053156	44.04996	-91.6393	america		Winona
5072006	40.8	-96.66696	america		Lincoln
5074472	41.2563	-95.9404	america		Omaha
5099133	40.74399	-74.0324	america	altern. Hobocken	Hoboken
5099836	40.7282	-74.0776	america		Jersey City
5101798	40.7357	-74.1724	america		Newark
5102466	40.9168	-74.1718	america		Paterson
5105496	40.2171	-74.7429	america		Trenton
5105645	40.8673	-74.5221	america		Union Hill
5106834	42.6526	-73.7562	america		Albany
5110302	40.6501	-73.9496	america		Brooklyn
5110629	42.8865	-78.8784	america		Buffalo
5113481	40.5779	-73.9940	america		Coney Island
5128581	40.7143	-74.00597	america		New York
5134086	43.1548	-77.6156	america		Rochester
5136454	42.8142	-73.9396	america		Schenectady
5139465	40.6265	-74.0776	america		Stapletown
5140405	43.0481	-76.1474	america		Syracuse
5142056	43.1009	-75.2327	america		Utica
5144580	40.7143	-73.9535	america		Williamsburg
5145476	41.0814	-81.5190	america		Akron
5149222	40.79895	-81.3785	america		Canton
5150529	41.4995	-81.6954	america		Cleveland
5161262	41.4528	-82.1824	america		Lorain
5170691	41.4489	-82.70796	america		Sandusky
5174035	41.6639	-83.5552	america		Toledo
5178127	40.6084	-75.4902	america		Allentown
5188843	42.1292	-80.0851	america		Erie
5197079	40.0379	-76.3055	america		Lancaster
5206379	40.4406	-79.9959	america	Pittsburg	Pittsburgh
5207728	40.3357	-75.9269	america		Reading
5211303	41.4092	-75.6649	america		Scranton
5224151	41.82399	-71.4128	america		Providence
5251723	43.8333	-88.0179	america		Elkhart Lake
5261457	43.0731	-89.4012	america		Madison
5262137	43.4942	-88.5448	america		Mayville
5263045	43.0389	-87.9065	america		Milwaukee
5268249	42.7261	-87.7829	america		Racine
5272893	43.7508	-87.7145	america		Sheboygan
5280854	40.06396	-80.7209	america		Wheeling
5282804	41.1792	-73.1895	america		Bridgeport
5322737	37.77099	-122.2609	america		Alameda
5368361	34.0522	-118.2437	america		Los Angeles
5370984	39.1457	-121.5914	america		Marysville
5373997	38.3005	-120.7063	america		Mokelumne Hill
5378538	37.8044	-122.2708	america		Oakland
5389489	38.5816	-121.4944	america		Sacramento
5391959	37.7749	-122.4194	america	dt. San Franzisko	San Francisco
5392171	37.3394	-121.89496	america	St. Joseph	San Jose [José]
5399020	37.9577	-121.2908	america		Stockton
5419384	39.7392	-104.9847	america		Denver
5514428	39.3096	-119.6496	america		Virginia City
5746545	45.5235	-122.6762	america		Portland
5750162	44.9429	-123.0351	america		Salem
5780993	40.7608	-111.8911	america		Salt Lake City
5809844	47.6062	-122.3321	america		Seattle
5811696	47.6597	-117.4291	america		Spokane
5812944	47.2529	-122.4443	america		Tacoma
6058560	42.9834	-81.2330	america		London (Ontario)
6138517	45.2708	-66.0562	america		Saint John (New Brunswick)
6158357	42.7736	-81.1804	america	St. Thomas	Saint Thomas (Ontario)
11903640	47.0692	15.4578	austria	Sankt Leonhard (Graz)	Sankt Leonhard bei Graz
11903641	47.1139	15.4235	austria	Andritz (Graz)	Andritz
2608545	47.5000	13.7500	austria	Stein an der Donau (Krems)	Stein
2760421	48.5744	15.1716	austria	Zwettl-Niederösterreich	Zwettl
2760610	47.1833	14.7500	austria		Zeltweg
2760634	47.3231	12.7984	austria		Zell am See
2760772	48.1667	15.0833	austria	Ybbs an der Donau	Ybbs
2760854	47.4891	12.0617	austria		Wörgl
2760887	48.3833	16.5167	austria	Wolkersdorf im Weinviertel	Wolkersdorf
2760903	48.1067	13.6727	austria	Wolfsegg am Hausruck	Wolfsegg
2760908	46.8333	14.8333	austria		Wolfsberg
2761096	47.7222	14.3276	austria		Windischgarsten
2761149	47.7030	16.0333	austria	Wimpassing im Schwarzatale	Wimpassing
2761186	48.1057	15.6054	austria	Wilhelmsburg (in Niederösterreich)	Wilhelmsburg
2761208	46.8833	15.5167	austria		Wildon
2761314	48.1333	15.1333	austria		Wieselburg
2761353	47.8049	16.2320	austria		Wiener Neustadt
2761369	48.2085	16.3721	austria		Wien
2761524	48.1667	14.0333	austria		Wels
2761531	47.2167	15.6167	austria		Weiz
2761538	48.7000	14.8833	austria		Weitra
2761543	48.7810	15.8135	austria		Weitersfeld
2761571	47.1541	14.7388	austria	Weißkirchen in Steiermark	Weißkirchen
2761615	47.9821	16.0394	austria	Weissenbach an der Triesting	Weißenbach
2761739	48.2074	16.2145	austria		Weidlingau/Wien
2761741	48.2910	16.3087	austria		Weidling [heute Gem. Klosterneuburg]
2761880	47.5272	15.4810	austria	Wartberg im Mürztal	Wartberg
2761945	48.1667	14.7167	austria	Wallsee-Sindelburg	Wallsee
2762024	47.8685	16.0515	austria		Waldegg
2762077	47.9600	14.7744	austria		Waidhofen an der Ybbs
2762079	48.8167	15.2833	austria		Waidhofen an der Thaya
2762150	48.1211	16.3404	austria		Vösendorf
2762157	47.1106	14.1694	austria		Murau
2762315	46.6622	14.6344	austria		Völkermarkt
2762326	47.0500	15.1000	austria		Voitsberg
2762341	48.0025	13.4838	austria		Vöcklamarkt
2762343	48.0028	13.6565	austria		Vöcklabruck
2762372	46.6103	13.8558	austria		Villach
2762525	47.2000	14.4500	austria		Unzmarkt
2762908	47.9723	14.2647	austria		Grünburg Grünberg
2763144	47.8052	13.4894	austria	Unterach am Attersee	Unterach
2763209	47.2253	15.2362	austria		Übelbach
2763266	48.3283	16.0586	austria	Tulln an der Donau	Tulln
2763332	47.4252	15.0068	austria		Trofaiach
2763700	47.8500	16.2333	austria		Theresienfeld
2763749	47.8414	13.2533	austria		Thalgau
2763826	47.9500	16.2833	austria		Teesdorf
2763888	47.95	16.30	austria		Tattendorf
2764279	48.3833	16.2167	austria		Stockerau
2764359	48.0427	14.4213	austria		Steyr
2764525	47.9708	14.2694	austria		Steinbach an der Steyr
2764556	48.0697	15.0480	austria		Steinakirchen am Forst
2764561	47.8705	16.2028	austria	Wöllersdorf-Steinabrückl	Steinabrückl
2764706	46.8944	15.2672	austria		Stainz
2764721	48.0833	13.8667	austria	Stadl-Paura	Paura
2764783	48.3656	15.4142	austria		Spitz
2764786	46.8000	13.5000	austria		Spittal an der Drau
2764831	48.1703	16.2847	austria	Speising (Wien)	Speising
2765080	48.0434	14.3094	austria		Sierning
2765080	48.04690	14.33370	austria	Sierninghofen (Sierning)	Sierninghofen
2765347	48.2734	14.5847	austria		Schwertberg
2765388	48.1333	16.4667	austria		Schwechat
2765390	47.3517	11.7101	austria		Schwaz
2765538	48.0694	16.5796	austria		Schwadorf
2765602	48.7833	15.0667	austria		Schrems
2765637	47.6568	15.8725	austria		Schottwien
2765730	47.9345	16.2538	austria	Schönau an der Triesting	Schönau
2765961	47.3929	13.6870	austria		Schladming
2766047	47.1504	14.4128	austria		Scheifling
2766080	48.0047	15.1682	austria		Scheibbs
2766155	48.4529	13.4372	austria		Schärding
2766340	47.7393	13.4467	austria	Sankt Wolfgang im Salzkammergut	Sankt Wolfgang
2766359	46.7681	14.3603	austria	Sankt Veit an der Glan	Sankt Veit
2766429	48.2000	15.6333	austria		Sankt Pölten
2766495	47.3384	15.0178	austria	Sankt Michael in Obersteiermark	Sankt Michael
2766725	47.6863	14.6171	austria		Sankt Gallen (Steiermark)
2766772	46.7683	14.8199	austria	St. Andrä im Lavanttal	Sankt Andrä
2766824	47.7994	13.0440	austria		Salzburg
2767034	47.5253	14.3575	austria		Rottenmann
2767280	48.5728	13.9883	austria	Rohrbach-Berg	Rohrbach
2767471	48.2112	13.4886	austria		Ried
2767484	48.3024	13.6349	austria		Riedau
2767521	48.7571	15.9549	austria		Retz
2767777	47.6951	15.8457	austria	Reichenau an der Rax	Reichenau
2767902	47.4394	11.8941	austria	Rattenberg (in Tirol)	Rattenberg
2768098	47.3833	13.4500	austria		Radstadt
2768119	46.6881	15.9881	austria	Bad Radkersburg	(Bad) Radkersburg
2768177	48.8500	15.5000	austria	Raabs an der Thaya	Raabs
2768180	48.3524	13.6469	austria	Raab (Oberösterreich)	Raab
2768232	48.2077	16.1754	austria		Purkersdorf
2768236	48.0584	15.1348	austria	Purgstall an der Erlauf	Purgstall
2768348	48.1833	16.0833	austria		Pressbaum
2768468	47.9582	16.0948	austria		Pottenstein
2768472	47.9000	16.3833	austria		Pottendorf
2768497	46.6364	14.1464	austria	Pörtschach am Wörther See	Pörtschach
2768546	47.2167	14.5833	austria		Pöls
2768582	47.3000	15.8333	austria		Pöllau
2768616	48.3173	15.2041	austria		Pöggstall
2768627	48.2000	15.2000	austria		Pöchlarn
2768746	47.7167	16.1833	austria		Pitten
2768996	48.3453	13.7721	austria		Peuerbach
2769009	47.9602	14.0169	austria		Pettenbach
2769059	48.1873	15.0881	austria	Persenbeug-Gottsdorf	Persenbeug
2769068	47.8976	15.9602	austria		Pernitz
2769105	48.2500	14.6333	austria		Perg
2769110	48.1194	16.2661	austria		Perchtoldsdorf
2769121	48.2017	16.3108	austria	Breitensee (Wien)	Breitensee
2769573	47.2500	14.4833	austria	Oberzeiring (Pölstal)	Oberzeiring
2769865	48.4640	14.2228	austria		Oberneukirchen
2769900	48.3213	13.3343	austria	Obernberg am Inn	Obernberg
2770113	48.1504	15.5453	austria	Ober-Grafendorf	Obergrafendorf
2770400	48.2590	16.3645	austria	Nussdorf (Wien)	Nussdorf (Wien)
2770634	48.0312	14.3377	austria		Letten (Sierning/Neuzeug)
2770634	48.0500	14.3333	austria	Neuzeug (Sierning)	Neuzeug (Sierning)
2770711	47.7210	16.0811	austria		Neunkirchen
2770720	47.0740	14.4273	austria		Neumarkt in Steiermark
2770722	48.4282	14.4844	austria		Neumarkt im Mühlkreis
2770730	48.1975	15.9022	austria		Neulengbach
2770787	48.4833	13.9965	austria		Neufelden
2770844	47.6642	15.5723	austria	Neuberg an der Mürz	Neuberg
2770993	47.6066	15.6723	austria		Mürzzuschlag
2771010	46.7081	15.7747	austria		Mureck
2771277	47.8565	13.3491	austria		Mondsee
2771299	47.8872	14.2582	austria		Molln
2771305	48.0258	16.3051	austria	Möllersdorf (Traiskirchen)	Möllersdorf
2771335	48.0861	16.2892	austria		Mödling
2771408	47.5556	13.9319	austria	Bad Mitterndorf	Mitterndorf
2771557	48.5700	16.5767	austria		Mistelbach
2771619	47.8776	14.1336	austria	Micheldorf in Oberösterreich	Micheldorf
2771682	48.2274	15.3319	austria		Melk
2771708	48.2081	13.4353	austria		Mehrnbach [bei Ried]
2771750	47.8026	13.0188	austria	Maxglan (Salzburg)	Maxglan (Salzburg)
2771760	48.2411	14.5196	austria		Mauthausen
2771761	47.4000	14.8333	austria	Mautern an der Donau	Mautern
2771779	48.1917	13.1334	austria		Mauerkirchen
2771781	48.1507	16.2686	austria	Mauer (Wien)	Mauer (Wien)
2771801	48.4000	16.7000	austria	Matzen-Raggendorf	Matzen
2771868	48.4519	16.5983	austria		Bad Pirawarth
2771869	47.8736	16.1251	austria	Markt Piesting	Piesting
2771871	48.0235	15.6028	austria	Lilienfeld, Ortsteil Marktl	Marktl
2771970	48.2622	16.9105	austria		Marchegg
2772003	47.9667	16.6000	austria	Mannersdorf am Leithagebirge	Mannersdorf
2772186	47.8612	15.0300	austria		Lunz
2772400	48.3064	14.2861	austria		Linz
2772480	47.5667	14.2333	austria		Liezen
2772484	48.1333	16.3000	austria		Liesing
2772505	46.8289	12.7690	austria		Lienz
2772561	47.2483	9.6093	austria		Feldkirch-Levis
2772645	47.9280	16.2165	austria		Leobersdorf
2772649	47.3765	15.0914	austria		Leoben
2772709	47.9335	16.4792	austria	Leithaprodersdorf	Bad Leithaprodersdorf
2772753	46.7816	15.5384	austria		Leibnitz
2772810	48.0683	16.3561	austria		Laxenburg
2772998	48.3043	16.3614	austria		Langenzersdorf
2773010	48.4667	15.6667	austria		Langenlois
2773110	48.0928	13.8745	austria		Lambach
2773229	48.7167	16.3833	austria		Laa an der Thaya
2773300	47.5833	12.1667	austria		Kufstein
2773493	48.2674	14.8065	austria		Bad Kreuzen
2773538	48.0529	14.1292	austria		Kremsmünster
2773549	48.4092	15.6142	austria		Krems
2773698	48.3500	16.3333	austria		Korneuburg
2773848	47.0667	15.0833	austria		Köflach
2773887	47.2167	14.8167	austria		Knittelfeld
2773913	48.3052	16.3252	austria		Klosterneuburg
2774077	48.2500	14.3167	austria	Kleinmünchen (Linz)	Kleinmünchen
2774326	46.6247	14.3053	austria		Klagenfurt
2774347	47.4464	12.3922	austria		Kitzbühel
2774391	48.2942	13.2820	austria		Kirchdorf am Inn
2774401	48.0389	13.11519	austria		Kirchberg bei Mattighofen
2774437	47.5000	15.4500	austria		Kindberg
2774443	48.1010	15.4085	austria		Kilb
2774449	48.3100	16.2762	austria	Kierling (Klosterneuburg)	Kierling
2774548	48.1115	14.1939	austria		Kematen an der Krems
2774773	47.4446	15.2933	austria		Kapfenberg
2774832	47.9471	13.5954	austria	Schörfling am Attersee	Kammer am Attersee
2774851	48.1165	16.1996	austria		Kaltenleutgeben
2774904	48.1375	16.2460	austria	Kalksburg (Wien)	Kalksburg
2775020	47.1667	14.6667	austria		Judenburg
2775197	47.5053	14.1016	austria		Irdning
2775220	47.2627	11.3945	austria		Innsbruck
2775338	47.2333	11.4167	austria		Igls/Innsbruck
2775516	48.6627	15.6566	austria		Horn
2775541	47.4498	12.1566	austria		Hopfgarten
2775620	48.3789	15.6907	austria		Hollenburg
2775636	48.5500	16.0833	austria	Hollabrunn	Oberhollabrunn
2776358	48.0861	16.2481	austria		Hinterbrühl
2776401	48.0833	16.4333	austria		Himberg
2776433	47.6064	14.7450	austria		Hieflau
2776470	48.2814	15.6943	austria		Herzogenburg
2776488	48.2283	16.3000	austria	Dornbach (Wien)	Dornbach
2776603	48.8667	15.1167	austria		Heidenreichstein
2776721	48.5757	14.0398	austria		Haslach
2776801	47.2833	15.9667	austria		Hartberg
2776872	48.8500	15.8500	austria		Hardegg
2776943	47.5623	13.6491	austria		Hallstatt
2776951	47.6833	13.1000	austria		Hallein
2776981	48.0339	15.7741	austria		Hainfeld
2776988	48.1463	16.9450	austria		Hainburg an der Donau
2777109	48.2000	16.2500	austria	Hacking (Wien)	Hacking/Wien
2777154	48.1842	13.6437	austria		Haag am Hausruck
2777164	48.1136	14.5675	austria		Haag (Niederösterreich)
2777196	47.8760	15.8888	austria		Gutenstein
2777279	48.0454	16.2771	austria		Gumpoldskirchen
2777701	48.5742	14.9579	austria	Groß Gerungs	Groß-Gerungs
2777836	48.2028	16.5508	austria		Groß-Enzersdorf
2777927	47.4427	13.9012	austria		Gröbming
2777972	48.2333	13.8333	austria		Grieskirchen
2778039	48.2286	14.8588	austria		Grein
2778067	47.0667	15.4500	austria		Graz
2778079	47.1167	15.3167	austria		Gratwein
2778131	48.0193	16.4949	austria	Gramatneusiedl, Ortsteil Marienthal	Marienthal
2778133	48.3803	14.1919	austria		Gramastetten
2778427	46.8731	15.8253	austria		Gnas
2778436	47.9184	13.7993	austria		Gmunden
2778439	48.7683	14.9808	austria		Gmünd
2778455	47.6749	15.9389	austria		Gloggnitz
2778478	47.1056	15.7101	austria		Gleisdorf
2778573	48.0978	16.2348	austria		Gießhübl
2778845	48.5977	15.6607	austria	Gars am Kamp	Gars
2778949	47.9290	15.0882	austria		Gaming
2779029	47.9628	16.1937	austria		Gainfarn
2779074	48.0536	16.2000	austria		Gaaden
2779138	48.1963	16.3274	austria	Braunhirschen (Wien)	Braunhirschen
2779202	47.2667	15.3167	austria		Frohnleiten
2779229	46.9553	14.4058	austria		Friesach
2779243	47.4333	16.0500	austria		Friedberg/Stmk
2779275	48.5110	14.5045	austria		Freistadt
2779378	47.9833	13.4167	austria		Frankenmarkt
2779450	47.2080	14.6759	austria		Fohnsdorf
2779663	47.8816	16.2421	austria		Felixdorf
2779669	46.7237	14.0958	austria		Feldkirchen
2779674	47.2331	9.6000	austria		Feldkirch
2779685	46.9531	15.8883	austria		Feldbach
2779767	46.9400	16.0081	austria		Fehring
2779947	48.5333	16.3500	austria		Ernstbrunn
2779973	47.7272	16.2144	austria		Bad Erlach
2779982	47.6833	12.1833	austria		Erl/Tirol
2780017	48.0850	16.6083	austria		Enzersdorf an der Fischa
2780048	48.2135	14.4761	austria		Enns
2780190	47.8457	16.5233	austria		Eisenstadt
2780207	47.5333	14.8833	austria		Eisenerz
2780283	46.6867	15.2472	austria		Eibiswald
2780316	46.7242	15.5867	austria		Ehrenhausen
2780360	48.6389	15.8190	austria		Eggenburg
2780394	48.3087	14.0223	austria		Eferding
2780547	47.8072	13.7790	austria		Ebensee
2780553	47.8774	16.3673	austria		Ebenfurth
2780578	48.2389	14.3318	austria		Ebelsberg
2780741	47.4143	9.7420	austria		Dornbirn
2780850	47.3667	15.0667	austria		Donawitz
2781023	46.8153	15.2222	austria		Deutschlandsberg
2781035	47.1985	15.3362	austria		Deutschfeistritz
2781310	48.4685	13.4607	austria		Brunnenthal
2781321	48.1070	16.2847	austria		Brunn am Gebirge
2781371	47.4167	15.2833	austria		Bruck an der Mur
2781373	48.0242	16.7757	austria		Bruck an der Leitha
2781503	47.5031	9.7471	austria		Bregenz
2781520	48.2563	13.0434	austria		Braunau am Inn
2781680	47.1548	9.8226	austria		Bludenz
2781692	48.1275	14.9865	austria		Blindenmarkt
2781735	47.4167	13.2167	austria		Bischofshofen
2781837	47.9457	16.1097	austria		Berndorf
2782043	47.9653	16.2136	austria		Bad Vöslau
2782052	47.7111	13.6189	austria		Bad Ischl
2782054	48.0383	14.2077	austria		Bad Hall
2782055	47.6425	13.6161	austria	Bad Goisern am Hallstättersee	Goisern
2782056	46.8756	15.9086	austria		Bad Gleichenberg
2782058	47.1155	13.1347	austria		Bad Gastein
2782067	48.0054	16.2326	austria		Baden bei Wien
2782070	47.6100	13.7824	austria		Bad Aussee
2782272	48.1472	16.2949	austria	Atzgersdorf (Wien)	Atzgersdorf
2782278	48.2912	15.9061	austria		Atzenbrugg
2782315	48.2181	16.4831	austria	Aspern (Wien)	Aspern
2782319	48.5833	16.5000	austria	Asparn an der Zaya	Asparn/Zaya
2782321	47.5500	16.0833	austria	Aspang-Markt	Aspang
2782371	48.3646	14.0204	austria	Aschach an der Donau	Aschach
2782555	48.1229	14.8721	austria		Amstetten
2782649	48.2515	13.2341	austria	Altheim in Oberösterreich	Altheim
2782724	47.6384	13.7628	austria		Altaussee
2782860	48.6458	13.9711	austria	Aigen-Schlägl	Aigen
2782967	47.5421	15.2390	austria		Aflenz
2782979	47.5754	14.4608	austria		Admont
3322282	48.3017	16.6744	austria		Gänserndorf
3334971	47.0833	15.4000	austria	Algersdorf (Graz)	Neu-Algersdorf bei Graz
7871945	48.1157	16.6140	austria		Fischamend
7873458	46.6791	15.4032	austria		Arnfels
9034679	47.0621	16.0835	austria		Fürstenfeld
3061472	49.0395	16.6188	czech_republic	Židlochovice	Groß Seelowitz
3061567	49.1374	13.2352	czech_republic	Železná Ruda	Eisenstein
3061822	50.3272	13.5458	czech_republic	Žatec	Saaz
3061867	50.7139	14.3962	czech_republic	Žandov	Sandau
3062111	49.8826	16.8722	czech_republic	Zábřeh	Hohenstadt
3062405	50.1800	13.3799	czech_republic	Vroutek	Rudig
3062439	50.6270	15.6094	czech_republic	Vrchlabí	Hohenelbe
3062898	50.3010	13.3120	czech_republic	Vilémov	Willomitz
3062924	50.3723	17.1863	czech_republic	Vidnava	Weidenau
3063091	50.6611	14.3011	czech_republic	Verneřice	Wernstadt
3063225	50.6898	15.7691	czech_republic	Velká Úpa	Groß-Aupa
3063296	50.2841	13.0097	czech_republic	Velichov	Welchau
3063318	50.5390	13.9768	czech_republic	Velemín	Wellemin
3063548	50.6607	14.0323	czech_republic	Ústí nad Labem	Außig
3063556	50.5847	14.3433	czech_republic	Úštěk	Auscha
3063962	50.6524	13.8536	czech_republic	Trnovany (Teplice)	Turn
3063987	50.6429	13.9945	czech_republic	Trmice	Türmitz
3063999	49.9422	12.6166	czech_republic	Tři Sekery	Dreihacken
3064217	50.7845	14.0313	czech_republic	Tisá	Tyssa
3064268	50.5110	14.1506	czech_republic	Terezín	Theresienstadt
3064358	50.7374	15.3059	czech_republic	Tanvald	Tannwald
3064373	49.7953	12.6337	czech_republic	Tachov	Tachau
3064454	49.7559	16.4683	czech_republic	Svitavy	Zwittau
3064673	49.9653	16.9706	czech_republic	Šumperk	Mährisch Schönberg
3064770	50.6323	14.4286	czech_republic	Stvolínky	Drum
3064919	49.7557	12.9970	czech_republic	Stříbro	Mies
3065116	49.6391	13.1647	czech_republic	Stod	Staab
3065327	50.3982	16.1581	czech_republic	Staré Město nad Metují	Altstadt
3065340	50.9504	14.4962	czech_republic	Staré Křečany	Alt-Ehrenberg
3065368	50.5374	15.8481	czech_republic	Staré Buky	Altenbuch
3065389	50.2462	12.8304	czech_republic	Stará Role	Altrohlau
3065431	50.1651	12.8740	czech_republic	Stanovice u Karlových Var	Donawitz
3065617	50.1813	12.6401	czech_republic	Sokolov	Falkenau an der Eger
3065779	50.7401	14.5915	czech_republic	Sloup v Čechách	Bürgstein
3066538	50.2345	12.8520	czech_republic	Rybáře (Karlovy Vary)	Fischern-Karlsbad
3067382	50.4007	13.2780	czech_republic	Prunéřov (Kadaň)	Brunnersdorf
3067688	50.0501	12.7328	czech_republic	Prameny	Sangerberg
3067713	49.0129	13.9975	czech_republic	Prachatice	Prachatitz
3067770	50.3598	13.7029	czech_republic	Postoloprty	Postelberg
3067953	48.9812	16.5245	czech_republic	Pohořelice	Pohrlitz
3068031	50.7667	14.2000	czech_republic	Podmokly (Děčín)	Bodenbach an der Elbe
3068156	50.2503	13.7038	czech_republic	Pnětluky	Netluk
3068191	50.2207	12.3467	czech_republic	Plesná	Fleißen
3068246	49.8682	12.7438	czech_republic	Planá u Mariánských Lázní	Plan
3068293	49.3088	14.1475	czech_republic	Písek	Pisek
3068350	50.7890	13.9761	czech_republic	Petrovice u Chabařovic	Peterswald
3068423	50.3657	12.7837	czech_republic	Pernink	Bärringen
3068799	49.8347	18.2820	czech_republic	Ostrava	Mährisch Ostrau
3068857	50.6212	13.6927	czech_republic	Osek	Ossegg
3068963	50.2575	17.3488	czech_republic	Ondřejovice (Zlaté Hory)	Endersdorf
3069551	50.5947	13.4824	czech_republic	Nová Ves v Horách	Gebirgsneudorf
3069934	50.3224	12.7294	czech_republic	Nejdek	Neudek
3069969	49.9748	13.1646	czech_republic	Nečtiny	Netschetin
3070122	50.4167	16.1629	czech_republic	Náchod	Nachod
3070291	50.5030	13.6362	czech_republic	Most	Brüx
3070409	49.7770	16.9195	czech_republic	Mohelnice	Müglitz
3070622	50.6587	14.7247	czech_republic	Mimoň	Niemes
3070820	49.9710	12.8643	czech_republic	Teplá	Tepl
3070862	50.3505	14.4741	czech_republic	Mělník	Melnik
3070906	50.2667	13.5374	czech_republic	Měcholupy u Žatce	Michelob
3070930	50.2623	13.2805	czech_republic	Mašťov	Maschau
3071024	49.9646	12.7019	czech_republic	Mariánské Lázně	Marienbad
3071392	50.1559	13.1506	czech_republic	Luka (Verušičky)	Luck
3071467	50.1321	13.3132	czech_republic	Lubenec	Lubenz
3071480	50.5150	14.0510	czech_republic	Lovosice	Lobositz
3071627	50.1860	12.7541	czech_republic	Loket	Elbogen
3071665	50.6042	13.6181	czech_republic	Horní Litvínov	Oberleutensdorf
3071773	51.0110	14.3602	czech_republic	Lipová u Šluknova	Hainspach
3071961	50.7671	15.0562	czech_republic	Liberec	Reichenberg
3072230	50.5850	13.7720	czech_republic	Ledvice	Ladowitz
3072332	49.9122	16.6119	czech_republic	Lanškroun	Landskron
3072394	50.1189	12.5303	czech_republic	Kynšperk nad Ohří	Königsberg an der Eger
3072580	50.7745	14.9334	czech_republic	Kryštofovo Údolí	Christofsgrund
3072581	50.1744	13.4266	czech_republic	Kryry	Kriegern
3072598	50.6845	13.8582	czech_republic	Krupka	Graupen
3072712	48.9091	14.0200	czech_republic	Křišťanov	Christianberg
3072889	50.9130	14.5100	czech_republic	Krásná Lípa	Schönlinde
3072903	50.3237	12.5175	czech_republic	Kraslice	Graslitz
3073124	50.5601	13.8731	czech_republic	Kostomlaty pod Milešovkou	Kostenblatt
3073668	50.3886	13.1834	czech_republic	Klášterec nad Ohří	Klösterle an der Eger
3073769	49.1429	13.5562	czech_republic	Kašperské Hory	Bergreichenstein
3073803	50.2327	12.8712	czech_republic	Karlovy Vary	Karlsbad
3073928	50.7736	14.4729	czech_republic	Kamenický Šenov	Steinschönau
3074020	50.3833	13.2667	czech_republic	Kadaň	Kaaden
3074110	50.4998	13.4477	czech_republic	Jirkov	Görkau
3074149	49.1440	15.0030	czech_republic	Jindřichův Hradec	Neuhaus
3074181	50.7608	14.1038	czech_republic	Jílové u Děčína	Eulau
3074284	50.0970	13.4695	czech_republic	Jesenice u Rakovníka	Jechnitz
3074587	50.3585	12.9347	czech_republic	Jáchymov	Sankt Joachimsthal
3074597	50.7653	14.7605	czech_republic	Jablonné v Podještědí	Deutsch-Gabel
3074615	49.1014	16.3775	czech_republic	Ivančice	Eibenschütz
3074677	48.9409	16.7376	czech_republic	Hustopeče	Auspitz
3074740	50.6271	13.7827	czech_republic	Hudcov (Teplice)	Hundorf
3074797	50.3094	12.8718	czech_republic	Hroznětín	Lichtenstadt
3074889	50.3046	12.1758	czech_republic	Hranice u Aše	Roßbach
3074944	50.8528	14.8446	czech_republic	Hrádek nad Nisou	Grottau
3075058	50.5406	15.7233	czech_republic	Hostinné	Arnau
3075112	49.5297	12.9441	czech_republic	Horšovský Týn	Bischofteinitz
3075191	48.7612	14.7350	czech_republic	Horní Stropnice	Strobnitz
3075296	49.9085	17.2111	czech_republic	Horní Město	Bergstadt
3075451	49.9668	17.6026	czech_republic	Horní Benešov	Bennisch
3075632	48.7290	14.7275	czech_republic	Hojná Voda (Horní Stropnice)	Heilbrunn
3075894	50.8772	15.1817	czech_republic	Hejnice	Haindorf
3075949	49.1695	13.4546	czech_republic	Hartmanice	Hartmanitz
3076136	50.1203	12.3517	czech_republic	Františkovy Lázně	Franzensbad
3076311	50.6030	13.7462	czech_republic	Duchcov	Dux
3076346	50.6856	13.7856	czech_republic	Dubí	Eichwald
3076363	50.5403	14.5402	czech_republic	Dubá	Dauba
3076518	50.2593	13.1414	czech_republic	Doupov	Duppau
3076565	50.2113	12.8286	czech_republic	Doubí (Karlovy Vary)	Aich
3076570	50.8433	14.8560	czech_republic	Donín (Hrádek nad Nisou)	Dönis
3076961	49.4433	13.2481	czech_republic	Dolany u Klatov	Dolan
3077073	49.6548	13.2931	czech_republic	Dobřany	Dobrzan
3077244	50.7822	14.2148	czech_republic	Děčín	Tetschen
3077291	50.2478	12.8958	czech_republic	Dalovice	Dallwitz
3077455	50.1046	13.2491	czech_republic	Chyše	Chiesch
3077478	48.8540	14.2111	czech_republic	Chvalšiny	Kalsching
3077558	50.8608	14.4844	czech_republic	Chřibská	Kreibitz
3077584	50.8169	14.9688	czech_republic	Chrastava	Kratzau
3077685	50.4605	13.4178	czech_republic	Chomutov	Komotau
3077706	50.240	12.7455	czech_republic	Chodov	Chodau
3077725	50.0016	16.2230	czech_republic	Choceň	Chotzen
3077835	50.0796	12.3739	czech_republic	Cheb	Eger
3077862	50.6732	13.9418	czech_republic	Chabařovice	Karbitz
3077889	48.8109	14.3152	czech_republic	Český Krumlov	Krumau
3077891	50.7075	13.5474	czech_republic	Český Jiřetín	Georgenthal
3077895	50.6605	14.9962	czech_republic	Český Dub	Böhmisch Aicha
3077916	48.9745	14.4743	czech_republic	České Budějovice	Budweis
3077929	50.6855	14.5376	czech_republic	Česká Lípa	Böhmisch Leipa
3077932	50.7978	14.4177	czech_republic	Česká Kamenice	Böhmisch Kamnitz
3078325	50.7833	14.1500	czech_republic	Bynov (Děčín)	Bünauburg bei Bodenbach
3078445	50.6812	14.0103	czech_republic	Bukov (Ústí nad Labem)	Pokau
3078456	48.7023	14.4297	czech_republic	Bujanov	Angern
3078469	49.7951	17.6297	czech_republic	Budišov nad Budišovkou	Bautsch
3078547	50.0153	17.7496	czech_republic	Brumovice u Opavy	Braunsdorf
3078577	50.5857	16.3318	czech_republic	Broumov	Braunau in Böhmen
3078610	49.1952	16.6080	czech_republic	Brno	Brünn
3078648	49.9117	17.3711	czech_republic	Břidličná	Friedland
3078659	49.6442	16.5180	czech_republic	Březová nad Svitavou	Brüsau
3078838	50.1836	14.6724	czech_republic	Brandýs nad Labem-Stará Boleslav	Brandeis an der Elbe-Altbunzlau
3078840	50.6320	13.3907	czech_republic	Brandov	Brandau
3079174	50.1487	13.0523	czech_republic	Bochov	Buchau
3079319	50.8737	15.2221	czech_republic	Bílý Potok pod Smrkem	Weißbach
3079348	50.5485	13.7754	czech_republic	Bílina	Bilin
3079407	50.5336	14.7220	czech_republic	Bezděz	Schloßbösig
3079472	50.6447	15.9658	czech_republic	Bernartice u Trutnova	Bernsdorf
3079500	50.7416	14.3124	czech_republic	Benešov nad Ploučnicí	Bensen
3079501	48.7294	14.6274	czech_republic	Benešov nad Černou	Deutsch Beneschau
3079609	50.0835	12.8383	czech_republic	Bečov nad Teplou	Petschau
3079751	50.2239	12.1950	czech_republic	Aš	Asch
3079776	50.7824	15.2312	czech_republic	Antonínov (Josefův Důl u Jablonce nad Nisou)	Antoniwald
3079819	50.7601	15.2862	czech_republic	Albrechtice v Jizerských horách	Albrechtsdorf [in Böhmen]
3079843	50.3687	12.8182	czech_republic	Abertamy	Abertham
2611497	54.9331	8.8667	n_europe	Tønder	Tondern
2613102	54.90896	9.7892	n_europe	Sønderborg	Sonderburg
2613692	55.4185	9.1532	n_europe	Skodborg; Skodborg Sogn	Schottburg
2615876	55.3959	10.3883	n_europe		Odense
2618425	55.6759	12.5655	n_europe	København	Kopenhagen
2618794	55.7763	12.5901	n_europe	Klampenborg	Klampenborg/Kopenhagen
2620473	56.0361	12.6136	n_europe	Helsingør; Elsinore (geonames)	Helsingör
2620964	55.2494	9.4877	n_europe	Haderslev	Hadersleben
2623186	55.6735	12.5977	n_europe	Fristad Christiania	Christiania
2624652	56.1567	10.2108	n_europe		Aarhus
2624886	57.0480	9.9187	n_europe	Ålborg	Aalborg
2625070	55.0443	9.4174	n_europe	Åbenra; Aabenraa	Apenrade
453754	57.5411	25.4275	n_europe	Valmiera	Wolmar
454310	57.3949	21.5612	n_europe	Ventspils	Windau
454572	57.7752	26.0101	n_europe	Valka	Walk
456172	56.9460	24.1059	n_europe		Riga
457707	56.9734	23.8030	n_europe	Majori	Majorenhof bei Riga
457954	56.5047	21.0109	n_europe	Liepâja	Libau
458460	56.97399	21.9572	n_europe	Kuldīga	Goldingen
459279	56.6500	23.7128	n_europe	Jelgava	Mitau
460221	56.9668	23.76798	n_europe	Dubulti	Dubbeln
460413	55.8833	26.5333	n_europe	Daugavpils	Dünaburg
460570	57.3119	25.2746	n_europe	Cēsis	Wenden
461114	56.4079	24.1944	n_europe	Bauska	Bauske
461336	56.4598	22.9017	n_europe	Auce	Alt-Autz
587450	57.83389	27.0194	n_europe	Võru	Werro
587577	58.3639	25.5900	n_europe	Viljandi	Fellin
588335	58.3806	26.7251	n_europe	Tartu	Dorpat
588409	59.43696	24.7535	n_europe	Tallinn	Reval
589580	58.3859	24.4971	n_europe	Pärnu	Pernau
590031	59.3772	28.1903	n_europe		Narva
590939	58.2538	22.4922	n_europe	Kuressaare	Arensburg
592225	58.9431	23.5414	n_europe	Haapsalu	Hapsal
592279	58.2225	26.4211	n_europe	Elva	Bad Elwa / Bad Pernau a. Elwa
593116	54.6892	25.2798	n_europe	Vilnius	Wilna
596238	55.9175	21.0686	n_europe	Palanga	Polangen
598098	55.7068	21.1391	n_europe	Klaipėda	Memel
598316	54.9027	23.9096	n_europe	Kowno	Kaunas
611717	41.6941	44.8337	n_europe	Tbilissi	Tiflis
633679	60.4515	22.2687	n_europe	Åbo, Turun	Abo
658225	60.1695	24.9355	n_europe	Helsingin	Helsingfors
2463679	39.6244	19.9202	se_europe		Korfu
262603	37.4447	24.9429	se_europe	Syros, Sira	Syra
295982	39.8978	37.7583	se_europe	Sivas	Zara
3043293	47.7759	19.1361	se_europe	Vác	Waitzen Waizen
3043470	47.5686	19.0846	se_europe	Újpest [IV. Bezirk von Budapest]	Neupest
3043849	46.4268	18.7825	se_europe	Tolna	Tolnau
3044083	47.6529	18.3184	se_europe	Tata	Totis
3044310	47.2309	16.6216	se_europe	Szombathely	Steinamanger
3044681	47.6694	19.0756	se_europe	Szentendre	Szent-Endre (lt. Almanach)
3045190	47.6850	16.5905	se_europe	Sopron	Oedenburg
3046446	47.5	19.0833	se_europe		Pest
3046526	46.0725	18.2308	se_europe	Pécs	Fünfkirchen
3047211	47.5500	19.0333	se_europe	Óbuda [Óbuda-Békásmegyer III. Bezirk von Budapest]	Alt-Ofen
3047679	46.4535	16.9910	se_europe	Nagy Kanizsa / Nagykanizsa	Groß-Kanisza
3047896	47.8679	17.2699	se_europe	Mosonmagyaróvár	Altenburg
3047967	45.9902	18.6862	se_europe	Mohatsch	Mohács
3049366	47.3892	16.541	se_europe	Kőszeg	Güns
3049519	47.7432	18.1191	se_europe	Komárom	Komorn
3052645	47.6217	16.8709	se_europe	Esterházy	Fertőd
3053163	47.793	187.415	se_europe	Esztergom	Gran
3054543	47.1727	19.7995	se_europe		Czegléd
3054643	47.4983	19.0405	se_europe		Budapest
3054663	47.4239	19.0363	se_europe	Budafok [Budafok-Tétény, XXII. Bezirk von Budapest]	Promontor
3054667	47.5000	19.0333	se_europe	Buda	Ofen
3055685	46.1830	18.9531	se_europe	Baja	Baja
3056476	48.1366	19.4469	se_europe	Zombor	Sombor
3056508	49.2232	18.7394	se_europe	Žilina	Sillein
3057576	48.6167	19.1372	se_europe	Sliac; Sliač	Sliaci
3058202	48.5948	17.8259	se_europe	Piešťany	Pöstyén {Bad}
3058477	48.7576	17.8309	se_europe	Nové Mesto nad Váhom	Neustadt/Waag
3058531	48.3076	18.0845	se_europe	Nitra	Neutra
3059050	49.0806	19.6222	se_europe	Liptovský Mikulás	Liptau-Sankt Nikolaus
3059282	48.7052	18.9183	se_europe	Kremnica	Kremnitz
3060405	49.2098	19.3034	se_europe	Dolný Kubín	Alsokubin, Also-Kubin (lt. UTA)
3060972	48.1482	17.1067	se_europe	Bratislava	Pressburg
3061184	48.4486	18.9100	se_europe	Banská Štiavnica	Schemnitz
3061186	48.7395	19.1535	se_europe	Banská Bystrica	Neusohl
3186886	45.8144	15.9780	se_europe	Zagreb	Agram
3187694	45.8319	17.3839	se_europe	Virovitica	Verőce
3187719	45.2883	18.8047	se_europe	Vinkovci	Vinkovce
3188383	46.3044	16.3378	se_europe	Varaždin	Varasdin
3188582	44.5384	18.6671	se_europe	Tuzla	Dolna-Tuzla
3188893	42.7120	18.3436	se_europe	Trebinje	Trebinje
3188924	44.2264	17.6658	se_europe	Travnik	Travnik
3189166	45.4086	19.8892	se_europe	Temerin	Temerin
3189595	46.1000	19.6667	se_europe	Subotica	Maria-Theresiopel
3190103	44.9764	19.6122	se_europe	Sremska Mitrovica	Mitrowitz
3190530	46.3367	15.4258	se_europe	Slovenske Konjice	Gonobitz
3190536	46.5103	15.0806	se_europe	Slovenj Gradec	Windischgraz
3190586	45.1603	18.0156	se_europe	Slavonski Brod	Brod
3190589	45.3403	17.6853	se_europe	Požega	Pozega
3190813	45.4661	16.3783	se_europe	Sisak	Sissek
3191281	43.8486	18.3564	se_europe	Sarajevo	Sarajevo
3191580	46.2375	15.6397	se_europe	Rogaška Slatina	Rohitsch-Sauerbrunn
3191638	46.1226	15.1919	se_europe	Rimske Toplice	
3191648	45.3267	14.4424	se_europe	Rijeka	Fiume
3192224	44.8683	13.8481	se_europe	Pula	Pola
3192241	46.4201	15.8702	se_europe	Ptuj	Pettau
3192673	45.7743	14.2153	se_europe	Postojna	Adelsberg
3193406	45.2467	19.8794	se_europe	Petrovaradin	Peterwardein
3193935	45.5511	18.6939	se_europe	Osijek	Essegg/Essek
3193965	46.4114	16.1544	se_europe	Ormož	Friedau
3194099	45.3366	14.3078	se_europe	Opatija	Abbazia
3194209	45.5067	19.2611	se_europe	Odžaci	Hódság
3194351	45.8040	15.1689	se_europe	Novo mesto	
3194360	45.2517	19.8369	se_europe	Novi Sad	Neusatz
3194581	45.4886	18.0878	se_europe	Našice	Nasice
3194828	43.3433	17.8081	se_europe	Mostar	Mostar
3195214	45.6472	15.3142	se_europe	Metlika	
3195506	46.5547	15.6467	se_europe	Maribor	Marburg an der Drau
3196120	46.2519	16.6147	se_europe	Ludbreg	Lubring
3196307	46.5209	16.1975	se_europe	Ljutomer	
3196359	46.0511	14.5051	se_europe	Ljubljana	Laibach
3196425	46.0586	14.8225	se_europe	Litija	Littai
3196534	45.4114	17.1522	se_europe	Lipik	Lipik
3196760	46.1546	15.2356	se_europe	Laško	
3197147	45.9592	15.4917	se_europe	Krško	Gurkfeld
3197442	46.0750	15.5603	se_europe	Kozje	Drachenburg
3197943	45.6433	14.8633	se_europe	Kočevje	Gottschee
3199171	46.0028	14.0306	se_europe	Idrija	
3200802	45.2387	19.7142	se_europe	Futog	Futak
3202184	45.5906	17.2250	se_europe	Daruvar	Daruvár
3202220	45.3083	18.4106	se_europe	Đakovo	Djakovar
3202333	45.5711	15.1889	se_europe	Črnomelj	
3202781	46.2309	15.2604	se_europe	Celje	Cilli
3203412	45.9033	15.5911	se_europe	Brežice	Rann
3203982	45.8986	16.8489	se_europe	Bjelovar	Bellovar
3204541	44.7784	17.1939	se_europe	Banja Luka	Banja Luka
3204793	45.6726	18.9780	se_europe	Apatin	Apatin
3218745	45.6213	14.4606	se_europe	Loška Dolina	
3345300	45.4917	15.5500	se_europe	Karlovac	Karlstadt
611717	41.6941	44.8337	se_europe	lt. GeoNames Tbilisi	Tiflis
615532	41.6423	41.6339	se_europe	Batumi	Batum
663100	47.3500	25.3667	se_europe	Vatra Dornei	Dorna Watra
665004	46.5424	24.5575	se_europe	Târgu Mures	Neumarkt am Mieresch
665087	45.7537	21.2257	se_europe	Timişoara	Temeswar
665231	45.9353	20.525	se_europe	Teremia Mare	Marienfeld
666973	46.0833	20.6333	se_europe	Sânnicolau Mare	St. Miklos
667268	45.8	24.15	se_europe	Sibiu	Hermannstadt
668442	46.0333	25.2167	se_europe	Rupea	Reps
668873	45.3833	27.05	se_europe	Râmnicu Sarat	Rimnikul-Sarat
668997	46.7742	24.7022	se_europe	Szászrégen	Reghin
671681	44.7230	22.3962	se_europe	Orşova	Orsova
671746	45.0325	21.6894	se_europe	Oraviţa	Oravitza
671757	45.8333	23.2000	se_europe	Orăștie	Broos
671757	45.8333	23.2	se_europe	Broos	Orăştie
671768	47.0458	21.9183	se_europe	Oradea / ungar. Nagyvárad	Großwardein
673619	44.9008	22.3669	se_europe	Mehadia	(Bad) Mehadia
673634	46.1667	24.35	se_europe	Mediaş	Mediasch
674531	45.6886	21.9031	se_europe	Lugoj	Lugos
674733	46.0908	21.6963	se_europe	Lipova	Lippa
675223	45.7914	20.7172	se_europe	Jimbolia	Hatzfeld
675810	47.1667	27.6	se_europe	Iaşi	Jassy
677106	43.8866	25.9627	se_europe	Giurgiu	Giurgiu
677697	45.4369	28.0503	se_europe	Galați	Galatz
678015	45.7000	27.1833	se_europe	Focșani	Focsani
678817	44.6269	22.6529	se_europe	Drobeta-Turno Severin	Turn-Severin
679456	45.3889	21.2244	se_europe	Deta	Detta
680332	44.3167	23.8000	se_europe	Craiova	Craiova
680963	44.1807	28.6343	se_europe	Constanța	Konstanza
681290	46.7667	23.6000	se_europe	Cluj-Napoca	Klausenburg
682321	44.3396	28.0327	se_europe	Cernavodă	Cernavoda
682729	45.4167	22.2167	se_europe	Caransebeș	Karansebesch
683123	45.1500	26.8333	se_europe	Buzău	Buzau
683506	44.4323	26.1063	se_europe	București	Bukarest
683844	45.6486	25.6061	se_europe	Braşov	Kronstadt
683902	45.2715	27.9743	se_europe	Brăila	Braila
684490	45.3733	21.7092	se_europe	Bocșa	Bokschan
684657	47.1332	24.5001	se_europe	Bistrița	Bistritz
685796	44.8797	22.4125	se_europe	Băile Herculane	Herculesbad
685826	47.6573	23.5681	se_europe	Baia Mare	Groß-Neustadt
686250	46.1468	21.3243	se_europe	Aradul Nou (Arad)	Neu-Arad
686254	46.1833	21.3167	se_europe	Arad	Arad
686578	46.0667	23.5833	se_europe	Alba Iulia	Karlsburg
686896	49.8076	24.9006	se_europe	Solotschiw	Zloczow
691650	49.5540	25.5907	se_europe	Ternopil	Tarnopol
691693	49.2997	25.6889	se_europe	Terebovlia	Trembowla
694864	49.5163	23.2006	se_europe	Sambor	Sambir
698740	46.4857	30.7438	se_europe		Odessa
702550	49.8383	24.0232	se_europe	Lvov; Lwiw	Lemberg
703448	50.4547	30.5238	se_europe		Kiew
704617	51.2153	24.7087	se_europe	Kovel	Kowel
705392	48.5250	25.0371	se_europe	Kolomyjia	Kolomea
706483	49.9808	36.2527	se_europe	Charkiw	Charkow
707471	48.9231	24.7125	se_europe	Iwano-Frankiwsk	Stanislau
710719	48.2905	25.9324	se_europe	Tschernowitz; Chernivtsi	Czernowitz
711416	50.0879	25.1503	se_europe		Brody
715429	46.253	20.1482	se_europe	Szeged	Szegedin
717582	48.1031	20.7781	se_europe	Miskolc	Miskolz
721239	47.9027	20.3733	se_europe	Erlau	Eger
723496	49.1391	20.2203	se_europe	Starý Smokovec	Schmecks {Bad}
723819	48.9984	21.2339	se_europe	Preszów	Eperies
724294	49.0217	20.5921	se_europe	Levoèa; Levoča	Leutschau
724443	48.7140	21.2581	se_europe	Košice	Kaschau
724503	49.1357	20.4335	se_europe	Kežmarok	Késmark
725168	49.2918	21.2727	se_europe	Bardejov	Bartfeld
726050	43.2167	27.9167	se_europe	Warna	Varna
727011	42.6975	23.3242	se_europe		Sofia
727523	43.8487	25.9534	se_europe	Rustschuk, Russe (?, lt. Ulrich)	Rustzuk (lt. UTA)
745044	41.0138	28.9497	se_europe	Konstantinopel	Constantinopel
745044	41.0138	28.9497	se_europe	Konstantinopel	Istanbul / Constantinopel
750640	41.0369	28.9775	se_europe	= Teil von Konstantinopel; heute Teil des Istanbul Bezirks Beyoglu	Pera
783814	45.3836	20.3819	se_europe	Zrenjanin	Nagybecskerek
783920	44.8458	20.4012	se_europe	Zemun (Belgrad)	Semlin
784136	45.1167	21.3036	se_europe	Vršac	Werschetz
785062	45.2061	20.2944	se_europe	Titel	Titel
785600	45.5672	20.7135	se_europe	Srpski Itebej	Ittebe
787237	44.8718	20.6417	se_europe	Pančevo	Pancsova
787461	45.0522	20.4303	se_europe	Opovo	Oppova
789415	45.1867	20.3190	se_europe	Knićanin	Rudolfsgnad
789518	45.8297	20.4653	se_europe	Kikinda	Großkikinda
792794	44.8975	21.4172	se_europe	Bela Crkva	Weißkirchen
8436351	46.2214	24.7928	se_europe	Sighişoara	Schäßburg